"participant","condition","joint","controller_mode","target_mode","motor_enabled","tolerance_deg","rmse_deg","mae_deg","max_error_deg","within_tolerance_percent","sample_rate_hz"
"S01","PID 跟隨＋補償","elbow","pid","sine","true","3","21.482119582283996","18.49449862514838","36.881061519216416","9.473684210526315","6.342052531084902"

"test_time_s","system_time_s","wall_time","reference_target_deg","measured_deg","tracking_error_deg","target_angle","reference_target_angle","target_velocity","reference_target_velocity","measured_angle_raw","elbow_angle","elbow_angle_raw","shoulder_angle","shoulder_angle_raw","upper_angle","forearm_angle","omega","alpha","jerk","error_for_control","integral_error","derivative_error","filtered_measurement_velocity","control_active","anti_windup_active","raw_pid_output","feedback_pid_output","feedforward_output","following_output","elbow_following_output","shoulder_following_output","controller_compensation_output","pid_output","motor_cmd","adrc_output","adrc_raw_output","adrc_estimated_angle","adrc_estimated_velocity","adrc_estimated_disturbance","adrc_observer_error","adrc_saturated","ilc_output","ilc_current_cycle","ilc_last_rmse","ilc_improvement_percent","ilc_learned_peak_pwm","ilc_frozen","desired_motor_cmd","desired_pwm_biceps","desired_pwm_triceps","desired_pwm_deltoid","pwm_biceps","pwm_triceps","pwm_deltoid","virtual_cable_effort_biceps","virtual_cable_effort_triceps","virtual_cable_effort_deltoid","elbow_soft_landing_scale","shoulder_motion_state","shoulder_release_command","shoulder_release_pwm","shoulder_motor_enable","motor_enabled","emergency_stop","motion_state","target_joint","target_mode","controller_mode"
"0.07660000000149012","809.7562544345856","2026-09-07T16:33:50.779Z","1.163603683147187","3.9628334480094294","-2.7992297648622424","1.163603683147187","1.163603683147187","","","","3.9628334480094294","","6.132650512556725","","","","","","","","","","","","","","","","","","","","","","","","","","","","","","","","","","","","","","","","","","","","","","","","","","","","靜止","elbow","","pid"
"0.30430000000447033","810.0033557415009","2026-09-07T16:33:51.007Z","0.0002222829210509758","5.8880684722406995","-5.8878461893196485","0.0002222829210509758","0.0002222829210509758","0.13247897170222675","0.13247897170222675","6.903908593736375","5.8880684722406995","6.903908593736375","6.402124597980497","6.834960669449008","8.604834461225764","15.508743054962139","2.708028979182928","-25.223388089100883","-317.53481223023755","-5.8878461893196485","-1.0749833309298962","-7.5751427848357515","7.7076217565379785","true","false","-32.86991210827611","-32.86991210827611","0","0","0","0","-32.86991210827611","-132.8699121082761","-132.8699121082761","0","0","5.8880684722406995","0","0","0","false","0","-1","0","0","0","false","-132.8699121082761","-100","-1","22","-100","-1","22","1134.0600741704309","37.251633188941256","154.02915048599243","1","肩關節未抬舉","false","0","true","true","false","靜止","elbow","sine","pid"
"0.6367000000029802","810.2249341011047","2026-09-07T16:33:51.339Z","0.992080352123395","7.552822039751223","-6.560741687627828","0.992080352123395","0.992080352123395","8.762265776657072","8.762265776657072","8.780234446785059","7.552822039751223","8.780234446785059","6.33084890332462","5.629812464807489","8.750473130412445","17.530707577197504","5.512173660740814","16.42079340980127","99.40283835105623","0","-2.200294287948403","0.622449778695783","8.13981599796129","false","false","-36.114088242821566","0","100","100","100","0","0","100","100","0","0","7.552822039751223","0","0","0","false","0","-1","0","0","0","false","100","-56","-50","11","-56","-50","11","1124.1091401841907","29.23790444027293","157.13230443000793","1","肩關節未抬舉","false","0","true","true","false","靜止","elbow","sine","pid"
"0.8092000000029802","810.4954550266266","2026-09-07T16:33:51.512Z","4.69097881900095","10.61061195743426","-5.91963313843331","4.69097881900095","4.69097881900095","18.320357328528655","18.320357328528655","12.427338073203558","10.61061195743426","12.427338073203558","6.419232154926955","6.633948848402953","8.807933007460889","21.235271080664447","8.751496044743575","-5.333206081900235","-206.6877216334758","0","-3.2781553813086077","5.754484844919286","12.565872483609368","false","false","-32.31306486603424","0","100","100","100","0","0","100","100","0","0","10.61061195743426","0","0","0","false","0","-1","0","0","0","false","100","100","-55","0","100","-55","0","1123.6011197302078","0","158.1176974773407","1","肩關節未抬舉","false","0","true","true","false","靜止","elbow","sine","pid"
"0.9741000000014901","810.6681225299835","2026-09-07T16:33:51.676Z","8.305752251263574","12.63108332903215","-4.325331077768576","8.305752251263574","8.305752251263574","23.385002552353594","23.385002552353594","14.289120239383095","12.63108332903215","14.289120239383095","6.597253783476711","6.495199115946882","9.028235071576447","23.31735531095954","6.878298307693949","-4.251027929423731","68.8821417660809","0","-3.6544638693155886","11.862807200727426","11.522195351626168","false","false","-23.189423838621757","0","100","100","100","0","0","100","100","0","0","12.63108332903215","0","0","0","false","0","-1","0","0","0","false","100","100","-55","0","100","-55","0","1138.6446335050796","0","158.1176974773407","1","肩關節未抬舉","false","0","true","true","false","靜止","elbow","sine","pid"
"1.1444000000059604","810.8407301902771","2026-09-07T16:33:51.847Z","12.701783315032495","14.530839908088614","-1.8290565930561193","12.701783315032495","12.701783315032495","27.351821130021673","27.351821130021673","16.079663963608212","14.530839908088614","16.079663963608212","6.808670464444333","7.450372186579275","9.174790245176752","25.254454208784963","6.378041162045734","0.5875498018954488","89.81127328777897","0","-3.019903874402759","16.533365886695922","10.81845524332575","false","false","0","0","100","100","100","0","0","100","100","0","0","14.530839908088614","0","0","0","false","0","-1","0","0","0","false","100","44","-105","1","44","-105","1","1150.9849776956771","0","159.34443140029907","1","肩關節未抬舉","false","0","true","true","false","靜止","elbow","sine","pid"
"1.3212000000029802","811.0130796432495","2026-09-07T16:33:52.023Z","17.6663988369875","16.53140320876464","1.1349956282228604","17.6663988369875","17.6663988369875","30.033843811982873","30.033843811982873","18.19942636856574","16.53140320876464","18.19942636856574","7.170726187384796","7.783686457529479","9.390400184662127","27.589826553227866","6.34229201438519","-4.830259517793202","-63.76245318192896","0","-2.2759262189724736","18.371737413414394","11.66210639856848","false","false","0","0","100","100","100","0","0","100","100","0","0","16.53140320876464","0","0","0","false","0","-1","0","0","0","false","100","156","-5","-2","156","-5","-2","1162.8010871145461","0","158.31066608428955","1","肩關節未抬舉","false","0","true","true","false","靜止","elbow","sine","pid"
"1.3564000000059604","811.0624101161957","2026-09-07T16:33:52.059Z","19.16112017918877","17.091542164934403","2.0695780142543683","19.16112017918877","19.16112017918877","30.54707341611174","30.54707341611174","18.673255481369566","17.091542164934403","18.673255481369566","7.35216693366012","8.219724840140971","9.50954759344475","28.182803074814316","6.2216336835036525","-3.0998022046784723","-6.549084810898016","0","-2.0992418788893974","19.18249835775019","11.364575058361549","false","false","0","0","100","100","100","100","0","100","100","0","0","17.091542164934403","0","0","0","false","0","-1","0","0","0","false","100","100","-55","0","100","-55","0","1168.8454498979781","0","158.18750548362732","1","肩關節未抬舉","false","0","true","true","false","靜止","elbow","sine","pid"
"1.5586000000014901","811.2590787410736","2026-09-07T16:33:52.261Z","25.285210875432487","19.84405366209045","5.441157213342038","25.285210875432487","25.285210875432487","31.413882040417622","31.413882040417622","22.179952463878465","19.84405366209045","22.179952463878465","7.3934910402429095","8.47452124228105","9.713031854232312","31.892984318110777","13.420781598667492","24.768029333467876","-29.20494165421607","5.441157213342038","-1.2854271808215745","15.76871680567661","15.645165234741013","true","false","30.833924866297156","30.833924866297156","100","100","100","100","30.833924866297156","130.83392486629717","130.83392486629717","0","0","19.84405366209045","0","0","0","false","0","-1","0","0","0","false","130.83392486629717","73","-121","50","73","-121","50","1189.133365366194","0","159.33907866477966","1","肩關節未抬舉","false","0","true","true","false","肘屈曲","elbow","sine","pid"
"1.7162000000029802","811.4068207740784","2026-09-07T16:33:52.418Z","29.894843644085228","22.051448685640135","7.843394958445092","29.894843644085228","29.894843644085228","30.807874370788472","30.807874370788472","23.927756352302993","22.051448685640135","23.927756352302993","7.630654285774378","7.805197758340779","9.939544991151891","33.86730134345488","5.567474203793156","-55.64343499454364","-495.64205993086125","7.843394958445092","-0.28011096980721323","16.828241874912273","13.9796324958762","true","false","44.139963454848534","44.139963454848534","100","100","100","0","44.139963454848534","144.13996345484853","144.13996345484853","0","0","22.051448685640135","0","0","0","false","0","-1","0","0","0","false","144.13996345484853","142","-78","0","142","-78","0","1199.1307658884261","0","160.6649191379547","1","肩關節未抬舉","false","0","true","true","false","靜止","elbow","sine","pid"
"1.9124000000059604","811.6092064380646","2026-09-07T16:33:52.615Z","35.90546612863403","24.025809886175207","11.879656242458825","35.90546612863403","35.90546612863403","28.269329469244546","28.269329469244546","25.302749365592106","24.025809886175207","25.302749365592106","7.976583467957379","8.130670558264391","10.284545163354863","35.58729452894697","2.354173330256341","-4.64585666368513","227.49093847087022","11.879656242458825","0.6120114645424792","19.57413900982869","8.695190459415853","true","true","66.53091801804953","55","100","100","100","0","55","155","155","0","0","24.025809886175207","0","0","0","false","0","-1","0","0","0","false","155","99","-135","10","99","-135","10","1216.8349733087753","0","162.03676772117615","1","肩關節未抬舉","false","0","true","true","false","靜止","elbow","sine","pid"
"2.0352000000029804","811.6352303028107","2026-09-07T16:33:52.738Z","36.635181269351285","24.23748125817158","12.397700011179705","36.635181269351285","36.635181269351285","27.806131530309493","27.806131530309493","25.47454988050805","24.23748125817158","25.47454988050805","8.095679142003087","8.880367601116676","10.343043080798267","35.81759296130632","2.6674646097407018","0.3594847316010741","216.94463383048452","12.397700011179705","0.6120114645424792","19.37174222281716","8.434389307492332","true","true","69.36801493879368","55","100","100","100","0","55","155","155","0","0","24.23748125817158","0","0","0","false","0","-1","0","0","0","false","155","99","-135","4","99","-135","4","1219.1510972711776","0","162.6353166103363","1","肩關節未抬舉","false","0","true","true","false","靜止","elbow","sine","pid"
"2.2267000000029804","811.8967287540436","2026-09-07T16:33:52.929Z","43.15371152971049","26.243584821871433","16.91012670783906","43.15371152971049","43.15371152971049","21.599641262306097","21.599641262306097","27.488543792517603","26.243584821871433","27.488543792517603","8.370709298846718","9.269098830893514","10.44404845089295","37.932592243410554","3.187314012430984","9.922399512294962","114.26401865107557","16.91012670783906","0.6120114645424792","13.536772022398669","8.062869239907428","true","true","93.83626355839502","55","100","100","100","100","55","155","155","0","0","26.243584821871433","0","0","0","false","0","-1","0","0","0","false","155","211","-35","-11","211","-35","-11","1249.3307506773208","0","161.82607889175415","1","肩關節未抬舉","false","0","true","true","false","靜止","elbow","sine","pid"
"2.4429000000059604","812.0767731666565","2026-09-07T16:33:53.145Z","46.546853726765875","28.532924443139766","18.01392928362611","46.546853726765875","46.546853726765875","15.931714567641658","15.931714567641658","30.88143236014038","28.532924443139766","30.88143236014038","8.340684757634866","7.3356400623045985","10.425462361142422","41.3068947212828","14.11031962646477","46.82990223384704","-47.88274499090669","18.01392928362611","0.6120114645424792","1.2715765541395623","14.660138013502095","true","true","99.17126599712826","55","100","100","100","-100","55","155","155","0","0","28.532924443139766","0","0","0","false","0","-1","0","0","0","false","155","211","-35","-53","211","-35","-53","1283.2263018820022","0","159.17484259605408","1","肩關節未抬舉","false","0","true","true","false","肘屈曲","elbow","sine","pid"
"2.67930000000447","812.3590388298035","2026-09-07T16:33:53.382Z","49.60880540453151","33.27902155389498","16.32978385063653","49.60880540453151","49.60880540453151","5.5358673076285525","5.5358673076285525","35.55141581937281","33.27902155389498","35.55141581937281","8.337127443974465","9.046965686022013","10.182522939775808","45.733938759148614","7.778596820943644","-30.923197706094875","-43.983248615192224","16.32978385063653","0.6120114645424792","-9.858832392233246","15.3946996998618","true","true","89.2406415789032","55","100","100","100","0","55","155","155","0","0","33.27902155389498","0","0","0","false","0","-1","0","0","0","false","155","211","-35","-5","211","-35","-5","1336.856777879927","0","155.3399932384491","1","肩關節未抬舉","false","0","true","true","false","靜止","elbow","sine","pid"
"2.7438000000044704","812.4366204738617","2026-09-07T16:33:53.446Z","49.92075020789713","34.53702451071064","15.383725697186492","49.92075020789713","49.92075020789713","2.49947893783431","2.49947893783431","36.9820795577929","34.53702451071064","36.9820795577929","8.040520247794994","8.252521394933632","10.109410784555948","47.09149034234885","8.538988260625203","-6.103348970736771","150.01608608888134","15.383725697186492","0.6120114645424792","-13.662737846768232","16.162216784602542","true","true","83.8090874076559","55","100","100","100","0","55","155","155","0","0","34.53702451071064","0","0","0","false","0","-1","0","0","0","false","155","211","-35","-1","211","-35","-1","1351.5972902509902","0","154.40530133247375","1","肩關節未抬舉","false","0","true","true","false","肘屈曲","elbow","sine","pid"
"2.86420000000298","812.5396292209625","2026-09-07T16:33:53.566Z","49.969006469125574","36.00170420671066","13.967302262414911","49.969006469125574","49.969006469125574","-1.5638523564287823","-1.5638523564287823","38.00648652999904","36.00170420671066","38.00648652999904","7.901981258217996","9.416346499204852","9.971223977187663","47.9777105071867","5.0344943586435456","-23.666655273692953","-24.960491475730777","13.967302262414911","0.6120114645424792","-15.631772197220922","14.06791984079214","true","true","75.90061645538503","55","100","100","100","100","55","155","155","0","0","36.00170420671066","0","0","0","false","0","-1","0","0","0","false","155","211","-35","-10","211","-35","-10","1371.168952200148","0","153.7897093296051","1","肩關節未抬舉","false","0","true","true","false","靜止","elbow","sine","pid"
"3.1015","812.7717170715332","2026-09-07T16:33:53.804Z","48.55675511577064","39.210930365860975","9.345824749909667","48.55675511577064","48.55675511577064","-10.519732721870037","-10.519732721870037","41.30999845237719","39.210930365860975","41.30999845237719","7.991907561519886","7.246102247802965","9.917341068789014","51.2273395211662","6.076538538003895","-1.1971944285082605","-66.2022264160652","0","0.9874665662118456","-24.79879796959066","14.279065247720624","false","false","49.94433681468115","0","100","100","100","0","0","100","100","0","0","39.210930365860975","0","0","0","false","0","-1","0","0","0","false","100","156","-5","-23","156","-5","-23","1406.2348785135482","0","152.85788321495056","1","肩關節未抬舉","false","0","true","true","false","靜止","elbow","sine","pid"
"3.30830000000447","812.9785726070404","2026-09-07T16:33:54.011Z","45.61371977560047","41.30382566980652","4.309894105793951","45.61371977560047","45.61371977560047","-17.774843924793664","-17.774843924793664","42.74018919685689","41.30382566980652","42.74018919685689","10.440031833215933","13.76566880819044","9.548158062614675","52.288347259471564","4.257373322345107","52.30211393243532","874.0671421851267","0","2.0768739292669482","-27.804928594939007","10.03008467014534","false","false","22.099699639515297","0","100","100","100","100","0","100","100","0","0","41.30382566980652","0","0","0","false","0","-1","0","0","0","false","100","92","-51","0","92","-51","0","1431.0134203169082","1.8061602115631104","149.8441023826599","1","肩關節抬舉中","false","0","true","true","false","靜止＋肩關節抬舉中(Z軸主導抬舉（尚未驗證）)","elbow","sine","pid"
"3.375","813.0592551231384","2026-09-07T16:33:54.077Z","44.07619617716628","42.088283644499434","1.9879125326668472","44.07619617716628","44.07619617716628","-20.305432839917305","-20.305432839917305","43.54094467031072","42.088283644499434","43.54094467031072","9.309959609589985","4.6931046566764","8.824927397347139","52.36587206765786","-0.35110437649333215","-16.94457811406881","-185.91204101266834","0","1.9594774072251446","-29.959822418916282","9.654389578998977","false","false","0","0","100","100","100","-100","0","100","100","0","0","42.088283644499434","0","0","0","false","0","-1","0","0","0","false","100","155","-4","-11","155","-4","-11","1439.128061744902","1.8120127374475654","149.7932734489441","1","肩關節下放中","true","11.676579498252414","false","true","false","靜止＋肩關節下放中","elbow","sine","pid"
"3.48630000000447","813.1879444122314","2026-09-07T16:33:54.189Z","41.22558217623912","43.02772477507523","-1.802142598836106","41.22558217623912","41.22558217623912","-23.900248592650584","-23.900248592650584","43.50226655165743","43.02772477507523","43.50226655165743","7.745240943286659","3.3384015895432975","8.555399461352778","52.057666013010206","-7.282912127695025","-71.3102456232599","-588.2839895288661","0","1.6010357051541817","-29.23826507183032","5.338016479179737","false","false","0","0","-100","-100","-100","-100","0","-100","-100","0","0","43.02772477507523","0","0","0","false","0","-1","0","0","0","false","-100","65","45","-4","65","45","-4","1453.786783191893","0.8924386718056421","148.83961749076843","1","肩關節下放中","true","7.278100158437953","false","true","false","靜止＋肩關節下放中","elbow","sine","pid"
"3.6652000000029803","813.3405523300171","2026-09-07T16:33:54.367Z","37.303081179769194","42.90770921632979","-5.604628036560598","37.303081179769194","37.303081179769194","-27.34836630006783","-27.34836630006783","42.71042823328105","42.90770921632979","42.71042823328105","6.397208314090776","5.921031459462716","8.13049611078823","50.84092434406928","-7.949458323541801","10.069879493164596","530.8559511948054","-5.604628036560598","1.0051678347735913","-26.2628776791802","-1.0854886208876295","true","false","-32.371071826790896","-32.371071826790896","0","0","0","0","-32.371071826790896","-132.3710718267909","-132.3710718267909","0","0","42.90770921632979","0","0","0","false","0","-1","0","0","0","false","-132.3710718267909","10","101","-1","10","101","-1","1465.535214636061","7.454096338965677","148.33089232444763","1","肩關節未抬舉","false","0","true","true","false","靜止","elbow","sine","pid"
"3.8328000000044704","813.5241205692291","2026-09-07T16:33:54.535Z","32.00130450760704","42.71887593853485","-10.717571430927812","32.00130450760704","32.00130450760704","-30.158811299110766","-30.158811299110766","42.61181110688092","42.71887593853485","42.61181110688092","5.317013321667939","4.438042460916197","7.549301617285323","50.161112724166244","-6.682956868103782","3.824183764226276","-2.797472000991588","-10.717571430927812","-0.02210713399291525","-29.305830868071034","-0.8529804310397341","true","true","-60.705655936207016","-55","0","0","0","-100","-55","-155","-155","0","0","42.71887593853485","0","0","0","false","0","-1","0","0","0","false","-155","-83","204","-51","-83","204","-51","1467.9312393665314","23.30098774216392","148.17300868034363","1","肩關節未抬舉","false","0","true","true","false","靜止","elbow","sine","pid"
"3.9839000000059603","813.677987575531","2026-09-07T16:33:54.686Z","27.259250561367125","42.46176172752304","-15.202511166155915","27.259250561367125","27.259250561367125","-31.28738068068847","-31.28738068068847","41.8680001741475","42.46176172752304","41.8680001741475","4.996116034717156","5.162637550127982","7.337150900665847","49.205151074813344","-10.787478179572563","-44.10876912611988","-432.4007614507535","-15.202511166155915","-0.02210713399291525","-28.433504901801548","-2.853875778886925","true","true","-85.32048492198541","-55","-100","-100","-100","0","-55","-155","-155","0","0","42.46176172752304","0","0","0","false","0","-1","0","0","0","false","-155","-140","155","0","-140","155","0","1457.450353860855","49.06864788315513","146.83869528770447","1","肩關節未抬舉","false","0","true","true","false","靜止","elbow","sine","pid"
"4.054","813.7035551071167","2026-09-07T16:33:54.756Z","26.458281098829975","42.338231237728046","-15.87995013889807","26.458281098829975","26.458281098829975","-31.362434115258942","-31.362434115258942","41.61628338343881","42.338231237728046","41.61628338343881","4.953673173602323","4.674028899740718","7.318784084735455","48.93506746817427","-11.897340302101362","-43.898851810683716","-300.2174405413956","-15.87995013889807","-0.02210713399291525","-27.598603741777858","-3.763830373481085","true","true","-88.99630520246583","-55","-100","-100","-100","0","-55","-155","-155","0","0","42.338231237728046","0","0","0","false","0","-1","0","0","0","false","-155","-140","155","0","-140","155","0","1455.2913178602855","54.30999185822227","146.78756022453308","1","肩關節未抬舉","false","0","true","true","false","靜止","elbow","sine","pid"
"4.2177000000029805","813.9089019298553","2026-09-07T16:33:54.920Z","20.041057182586545","41.148510511546334","-21.10745332895979","20.041057182586545","20.041057182586545","-30.79168247442824","-30.79168247442824","40.09517083592104","41.148510511546334","40.09517083592104","4.263931013408314","2.4971158126894992","6.983808159596109","47.07897899551715","-13.433915179577225","-19.985169768354034","-45.85763998224444","-21.10745332895979","-0.02210713399291525","-24.111435774762356","-6.680246699665881","true","true","-117.53834266978437","-55","-100","-100","-100","-100","-55","-155","-155","0","0","41.148510511546334","0","0","0","false","0","-1","0","0","0","false","-155","-84","205","-91","-84","205","-91","1436.5342310004767","95.13107087395409","145.40314483642578","1","肩關節未抬舉","false","0","true","true","false","靜止","elbow","sine","pid"
"4.41130000000447","814.0627989768982","2026-09-07T16:33:55.114Z","15.424237201890238","39.79083199077638","-24.366594788886147","15.424237201890238","15.424237201890238","-29.020012608874193","-29.020012608874193","38.242172243280066","39.79083199077638","38.242172243280066","4.175097548405992","3.663972902940752","6.8407720407062556","45.08294428398632","-16.53781513197437","-27.248359114123602","-119.90787769116525","-24.366594788886147","-0.02210713399291525","-19.34030657641642","-9.679706032457773","true","true","-135.1773529474786","-55","-100","-100","-100","0","-55","-155","-155","0","0","39.79083199077638","0","0","0","false","0","-1","0","0","0","false","-155","-84","205","-1","-84","205","-1","1423.5384803613028","126.67996551773766","142.19473528862","1","肩關節未抬舉","false","0","true","true","false","靜止","elbow","sine","pid"
"4.572","814.246312379837","2026-09-07T16:33:55.274Z","10.39925075505392","37.680726440489565","-27.281475685435645","10.39925075505392","10.39925075505392","-25.501315869634492","-25.501315869634492","35.76392194608066","37.680726440489565","35.76392194608066","4.49977059613674","3.9021160575460727","6.8376363064924135","42.60155825257307","-16.69800131632698","-4.138319560909772","47.355143785482944","-27.281475685435645","-0.02210713399291525","-13.172945551759112","-12.32837031787538","true","true","-150.83915621702138","-55","-100","-100","-100","0","-55","-155","-155","0","0","37.680726440489565","0","0","0","false","0","-1","0","0","0","false","-155","-84","205","-24","-84","205","-24","1408.0417930020226","164.30021312020043","140.77799582481384","1","肩關節未抬舉","false","0","true","true","false","靜止","elbow","sine","pid"
"4.64770000000298","814.3264482021332","2026-09-07T16:33:55.350Z","8.433103251119928","36.65838636616582","-28.225283115045894","8.433103251119928","8.433103251119928","-23.52758625110815","-23.52758625110815","34.582101190919886","36.65838636616582","34.582101190919886","4.541980178574295","4.614737826242575","6.750473021208535","41.33257421212842","-18.778515434809762","-20.62846069411971","-134.97630763678515","-28.225283115045894","-0.02210713399291525","-10.648618113925982","-12.878968137182168","true","true","-155.87863743360776","-55","-100","-100","-100","0","-55","-155","-155","0","0","36.65838636616582","0","0","0","false","0","-1","0","0","0","false","-155","-84","205","-2","-84","205","-2","1401.2747680081263","180.72805669090965","139.6263382434845","1","肩關節未抬舉","false","0","true","true","false","肘伸展","elbow","sine","pid"
"4.733800000004471","814.4056370258331","2026-09-07T16:33:55.436Z","6.655014477830505","35.36575109717258","-28.71073661934207","6.655014477830505","6.655014477830505","-21.342918079968065","-21.342918079968065","32.697269884358434","35.36575109717258","32.697269884358434","4.623789055649406","3.8421311572449763","6.899760739608368","39.5970306239668","-22.98949055607531","-41.30842421086764","-191.79091686954146","-28.71073661934207","-0.02210713399291525","-5.090740386259171","-16.252177693708894","true","true","-158.21515904357673","-55","-100","-100","-100","0","-55","-155","-155","0","0","35.36575109717258","0","0","0","false","0","-1","0","0","0","false","-155","-84","205","-24","-84","205","-24","1394.587711784575","196.96176554939964","139.2817680835724","1","肩關節未抬舉","false","0","true","true","false","肘伸展","elbow","sine","pid"
"4.91210000000149","814.6146292686462","2026-09-07T16:33:55.614Z","2.87463717177652","32.14308459315461","-29.26844742137809","2.87463717177652","2.87463717177652","-14.62610665631565","-14.62610665631565","29.96685821216549","32.14308459315461","29.96685821216549","5.645018897996661","7.830796148113928","7.069125556710162","37.03598376887565","-15.07764525811081","16.803798488834012","-95.14864222653684","-29.26844742137809","-0.02210713399291525","0.19616429489016696","-14.822270951205818","true","true","-160.96535417390587","-55","-100","-100","-100","100","-55","-155","-155","0","0","32.14308459315461","0","0","0","false","0","-1","0","0","0","false","-155","-84","205","-1","-84","205","-1","1376.9394779470233","239.80517532608727","134.2278642654419","1","肩關節未抬舉","false","0","true","true","false","靜止","elbow","sine","pid"
"5.09530000000447","814.7935237884521","2026-09-07T16:33:55.798Z","0.8368197835909612","29.028300829555466","-28.191481045964505","0.8368197835909612","0.8368197835909612","-8.06019998988447","-8.06019998988447","25.959082000047104","29.028300829555466","25.959082000047104","7.192655595825254","9.150864463953942","7.912485660580927","33.87156766062803","-22.523543002682334","-48.28088635791953","-381.9318158078753","-28.191481045964505","-0.02210713399291525","11.064186612818478","-19.12438660270295","true","true","-154.38995777005545","-55","-100","-100","-100","100","-55","-155","-155","0","0","29.028300829555466","0","0","0","false","0","-1","0","0","0","false","-155","-196","105","78","-196","105","78","1357.5761850939857","272.6475718238137","134.09996843338013","1","肩關節未抬舉","false","0","true","true","false","肘伸展","elbow","sine","pid"
"5.329900000005961","814.9979965686798","2026-09-07T16:33:56.032Z","0.00007922795195369758","23.249957558427184","-23.24987833047523","0.00007922795195369758","0.00007922795195369758","-0.07909221474970886","-0.07909221474970886","18.60729344764232","23.249957558427184","18.60729344764232","8.501384572734201","11.483573593093784","9.242434942175649","27.84972838981797","-26.65899165660326","54.863400325122754","1154.3884662812693","-23.24987833047523","-0.02210713399291525","30.269096712253848","-30.34818892700356","true","true","-126.05884822889831","-55","-100","-100","-100","100","-55","-155","-155","0","0","23.249957558427184","0","0","0","false","0","-1","0","0","0","false","-155","-196","105","93","-196","105","93","1320.151786035962","296.4224639155648","139.51016068458557","1","肩關節抬舉中","false","0","true","true","false","肘伸展＋肩關節抬舉中(Z軸主導抬舉（尚未驗證）)","elbow","sine","pid"
"5.50830000000447","815.1844613552094","2026-09-07T16:33:56.211Z","0.6686441430985361","17.82110655852829","-17.152462415429753","0.6686441430985361","0.6686441430985361","7.217202858590766","7.217202858590766","12.928647036937278","17.82110655852829","12.928647036937278","10.17520094442857","11.401025830994858","10.289585639608447","23.218232676545725","-27.79834153334953","-23.441437810114788","-239.7822157905987","0","-0.019583436210363507","38.593988497715735","-31.37678563912497","false","true","-92.02350346794591","0","-100","-100","-100","100","0","-100","-100","0","0","17.82110655852829","0","0","0","false","0","-1","0","0","0","false","-100","-146","50","77","-146","50","77","1286.361237658395","313.4114804484627","150.40786743164062","1","肩關節未抬舉","false","0","true","true","false","肘伸展","elbow","sine","pid"
"5.6632000000029805","815.3408570289612","2026-09-07T16:33:56.365Z","2.2585207226726105","13.152026740640574","-10.893506017967963","2.2585207226726105","2.2585207226726105","13.048777914594222","13.048777914594222","9.225259315696931","13.152026740640574","9.225259315696931","11.12539015842495","13.42054694731551","11.099270886387785","20.324530202084716","-14.700099436466271","81.41412639751404","440.87769470072635","0","-0.017347837758086675","41.21709463799215","-28.168316723397922","false","true","-57.441788476802174","0","-100","-100","-100","100","0","-100","-100","0","0","13.152026740640574","0","0","0","false","0","-1","0","0","0","false","-100","-146","50","93","-146","50","93","1263.5400859779786","321.3592722632668","162.3039116859436","1","肩關節未抬舉","false","0","true","true","false","肘伸展","elbow","sine","pid"
"5.83430000000447","815.523576259613","2026-09-07T16:33:56.537Z","5.218742138653777","8.811948836391462","-3.593206697737685","5.218742138653777","5.218742138653777","19.210599920552205","19.210599920552205","5.461187327638541","8.811948836391462","5.461187327638541","11.327427238132993","11.725305502862945","11.644584637384355","17.105771965022896","-16.63484592051753","5.3349028925223845","-93.42977655242748","0","-1.1453137704907066","42.26920926507174","-23.058609344519528","false","false","-17.26154490728023","0","-100","-100","-100","0","0","-100","-100","0","0","8.811948836391462","0","0","0","false","0","-1","0","0","0","false","-100","-146","50","1","-146","50","1","1236.9442868497642","330.4952337958596","174.38548707962036","1","肩關節未抬舉","false","0","true","true","false","肘伸展","elbow","sine","pid"
"5.98620000000298","815.6777906417847","2026-09-07T16:33:56.688Z","8.53306757615412","5.649169236252062","2.883898339902059","8.53306757615412","8.53306757615412","23.638146015154636","23.638146015154636","2.668806791697051","5.649169236252062","2.668806791697051","11.055215903171886","10.784346103536294","11.990796519823192","14.659603311520243","-17.846778257142738","-8.252828889032756","-71.35354902186997","0","-0.8987468696278177","43.94607306916632","-20.30792705401168","false","false","0","0","-100","-100","-100","0","0","-100","-100","0","0","5.649169236252062","0","0","0","false","0","-1","0","0","0","false","-100","-90","100","0","-90","100","0","1216.4842144913152","339.9939718463204","175.67407321929932","1","肩關節未抬舉","false","0","true","true","false","肘伸展","elbow","sine","pid"
"6.04830000000447","815.7036411762238","2026-09-07T16:33:56.751Z","9.152706488279943","5.14050036338878","4.012206124891163","9.152706488279943","9.152706488279943","24.297762057077723","24.297762057077723","2.167692581951016","5.14050036338878","2.167692581951016","11.06481340903552","11.12804872087881","12.032120967111695","14.19981354906271","-17.889995394568423","-6.278522705255191","-27.03531371671186","4.012206124891163","-0.7950291970196033","44.313804798850796","-20.016042741773074","true","false","24.702111098921854","24.702111098921854","-100","-100","-100","0","24.702111098921854","124.70211109892185","124.70211109892185","0","0","5.14050036338878","0","0","0","false","0","-1","0","0","0","false","124.70211109892185","-43","48","0","-43","48","0","1213.870438231363","342.3205199458382","175.67407321929932","1","肩關節未抬舉","false","0","true","true","false","肘伸展","elbow","sine","pid"
"6.221400000005961","815.9081220626831","2026-09-07T16:33:56.924Z","14.586945720939804","1.598900155997573","12.988045564942231","14.586945720939804","14.586945720939804","28.561021754498643","28.561021754498643","-0.46850559582453855","1.598900155997573","-0.46850559582453855","10.799905350106705","9.899636256274347","12.30204871356834","11.833543117743801","-11.010110278976608","38.77088760556599","183.05730175628932","12.988045564942231","-0.09000198961884837","43.749525268225405","-15.188503513726763","true","true","74.05652206358724","55","-100","-100","-100","-100","55","155","155","0","0","1.598900155997573","0","0","0","false","0","-1","0","0","0","false","155","-5","-78","10","-5","-78","10","1203.9589858320032","356.2005429484627","175.31935358047485","1","肩關節未抬舉","false","0","true","true","false","靜止","elbow","sine","pid"
"6.399","816.0867626667023","2026-09-07T16:33:57.101Z","19.907637069808857","0.4013524022688604","19.506284667539997","19.907637069808857","19.907637069808857","30.75727579124001","30.75727579124001","0.0018904844520903907","0.4013524022688604","0.0018904844520903907","10.889227213909535","10.875605819598027","12.670637471933134","12.672527956385224","1.0095446428680952","41.29198702575357","-249.28228844443362","19.506284667539997","-0.09000198961884837","34.782552531101196","-4.0252767398611855","true","true","109.3688187636475","55","0","0","0","0","55","155","155","0","0","0.4013524022688604","0","0","0","false","0","-1","0","0","0","false","155","99","-135","22","99","-135","22","1204.2751610544","350.1186113574288","176.67821192741394","1","肩關節未抬舉","false","0","true","true","false","靜止","elbow","sine","pid"
"6.55240000000596","816.2402811050415","2026-09-07T16:33:57.255Z","24.694679500390645","0.4702046522101711","24.224474848180474","24.694679500390645","24.694679500390645","31.413583559124163","31.413583559124163","0.9285086388400856","0.4702046522101711","0.9285086388400856","10.885079145238297","10.361412452570288","12.983718439235773","13.912227078075858","7.145599976493292","47.10948363502697","84.22513778735757","24.224474848180474","-0.09000198961884837","29.6344600162031","1.7791235429210626","true","true","135.0099792062762","55","100","100","100","0","55","155","155","0","0","0.4702046522101711","0","0","0","false","0","-1","0","0","0","false","155","155","-85","0","155","-85","0","1216.6920633580958","320.86702938513326","177.97105956077576","1","肩關節未抬舉","false","0","true","true","false","靜止","elbow","sine","pid"
"6.655","816.3182137012482","2026-09-07T16:33:57.357Z","27.14037317205173","0.9296115387514651","26.210761633300265","27.14037317205173","27.14037317205173","31.300576724379148","31.300576724379148","1.945776984315657","0.9296115387514651","1.945776984315657","11.090087375423403","11.51868264146953","13.11874001566035","15.064516999976007","10.503053549085601","41.45273543452389","-54.18299642854303","26.210761633300265","-0.09000198961884837","25.72772446183806","5.572852262541088","true","true","145.70015239117316","55","100","100","100","0","55","155","155","0","0","0.9296115387514651","0","0","0","false","0","-1","0","0","0","false","155","155","-85","0","155","-85","0","1225.829004075793","305.7398278713227","177.97105956077576","1","肩關節未抬舉","false","0","true","true","false","靜止","elbow","sine","pid"
"6.7535","816.4458091259003","2026-09-07T16:33:57.456Z","31.08963770519649","2.3849442822003404","28.70469342299615","31.08963770519649","31.08963770519649","30.46966078315098","30.46966078315098","4.520050071091816","2.3849442822003404","4.520050071091816","11.27374856309465","11.097698501771127","13.243526883618145","17.76357695470996","19.042668866612747","58.584337744250796","-1.6830461174045297","28.70469342299615","-0.09000198961884837","17.76439753555776","12.705263247593223","true","true","158.93897761892373","55","100","100","100","0","55","155","155","0","0","2.3849442822003404","0","0","0","false","0","-1","0","0","0","false","155","99","-135","35","99","-135","35","1243.284691121844","285.3257398822091","178.22552132606506","1","肩關節未抬舉","false","0","true","true","false","肘屈曲","elbow","sine","pid"
"6.919","816.598735332489","2026-09-07T16:33:57.621Z","35.60851944853056","4.918200501499206","30.69031894703135","35.60851944853056","35.60851944853056","28.44720221544569","28.44720221544569","7.340769118824554","4.918200501499206","7.340769118824554","11.847800659111469","11.059853597343377","13.544749312496066","20.88551843132062","15.795617626613236","-22.04963573179832","-431.6314791590368","30.69031894703135","-0.09000198961884837","12.011624310268726","16.435577905176963","true","true","169.51475160759998","55","100","100","100","0","55","155","155","0","0","4.918200501499206","0","0","0","false","0","-1","0","0","0","false","155","99","-135","32","99","-135","32","1257.9696257379328","249.6499172774228","183.57642817497253","1","肩關節未抬舉","false","0","true","true","false","肘屈曲","elbow","sine","pid"
"7.134","816.8311023712158","2026-09-07T16:33:57.836Z","41.676114145159964","9.445441094011567","32.2306730511484","41.676114145159964","41.676114145159964","23.405424997966687","23.405424997966687","12.757942342853212","9.445441094011567","12.757942342853212","12.197204635416046","13.44279335287453","13.822925771576223","26.580868114429435","21.43713609281825","-4.042575038854798","-401.9134373640868","32.2306730511484","-0.09000198961884837","1.4308526352586313","21.974572362708056","true","true","177.35185287974315","55","100","100","100","100","55","155","155","0","0","9.445441094011567","0","0","0","false","0","-1","0","0","0","false","155","99","-135","66","99","-135","66","1279.6751547124659","194.47775782238355","187.22028493881226","1","肩關節未抬舉","false","0","true","true","false","肘屈曲","elbow","sine","pid"
"7.35190000000596","817.0356829166412","2026-09-07T16:33:58.054Z","45.86378842418371","13.797630887061034","32.06615753712268","45.86378842418371","45.86378842418371","17.30797262136056","17.30797262136056","17.12885931904583","13.797630887061034","17.12885931904583","11.562752075645816","11.629846765256767","13.78682131799421","30.91568063704004","18.580351151271934","12.88776393099915","270.05952903173073","32.06615753712268","-0.09000198961884837","-4.430431193978922","21.73840381533948","true","true","176.09534052284744","55","100","100","100","0","55","155","155","0","0","13.797630887061034","0","0","0","false","0","-1","0","0","0","false","155","211","-35","-22","211","-35","-22","1298.3933990266596","145.19085262038493","190.36486339569092","1","肩關節未抬舉","false","0","true","true","false","肘屈曲","elbow","sine","pid"
"7.3681000000014905","817.0611879825592","2026-09-07T16:33:58.070Z","46.294438673778615","14.373955976925146","31.92048269685347","46.294438673778615","46.294438673778615","16.458917861504336","16.458917861504336","17.74216622761675","14.373955976925146","17.74216622761675","11.65660711679394","12.274992026310446","13.782880226684938","31.525046454301688","18.926552443230243","13.093582140831273","191.46258007983485","31.92048269685347","-0.09000198961884837","-5.673786316162424","22.13270417766676","true","true","175.21952759403575","55","100","100","100","0","55","155","155","0","0","14.373955976925146","0","0","0","false","0","-1","0","0","0","false","155","211","-35","-10","211","-35","-10","1301.5560272004877","140.55356790802696","189.85476207733154","1","肩關節未抬舉","false","0","true","true","false","肘屈曲","elbow","sine","pid"
"7.52610000000149","817.2135899066925","2026-09-07T16:33:58.228Z","48.39818196268838","17.910170881317192","30.48801108137119","48.39818196268838","48.39818196268838","11.064479230853221","11.064479230853221","21.357941432232707","17.910170881317192","21.357941432232707","11.603419065226014","12.542984867154223","13.867755019230131","35.22569645146284","18.400981905060693","-4.084552314565083","-77.58879245855867","30.48801108137119","-0.09000198961884837","-12.207476404432564","23.271955635285785","true","true","166.948912303587","55","100","100","100","100","55","155","155","0","0","17.910170881317192","0","0","0","false","0","-1","0","0","0","false","155","211","-35","-10","211","-35","-10","1325.9359560277735","122.7654264840213","188.5587751865387","1","肩關節未抬舉","false","0","true","true","false","肘屈曲","elbow","sine","pid"
"7.71980000000447","817.4191520214081","2026-09-07T16:33:58.422Z","49.87108766346674","22.20125183522832","27.66983582823842","49.87108766346674","49.87108766346674","3.1862622932917604","3.1862622932917604","25.043245657575596","22.20125183522832","25.043245657575596","11.648539416401231","15.856997660666744","13.967451810718941","39.01069746829454","11.698233901012104","-24.363051688353472","17.473964878699825","27.66983582823842","-0.09000198961884837","-16.659376978109357","19.84563927140112","true","true","151.18183437693617","55","100","100","100","100","55","155","155","0","0","22.20125183522832","0","0","0","false","0","-1","0","0","0","false","155","211","-35","-3","211","-35","-3","1364.992757823733","109.68420100212101","187.0569450855255","1","肩關節抬舉中","false","0","true","true","false","肘屈曲＋肩關節抬舉中(Z軸主導抬舉（尚未驗證）)","elbow","sine","pid"
"7.9485","817.5989711284637","2026-09-07T16:33:58.651Z","49.806897941205406","25.531733686533354","24.275164254672053","49.806897941205406","49.806897941205406","-3.8971584450158194","-3.8971584450158194","28.365621759983853","25.531733686533354","28.365621759983853","11.167172973040492","9.910364286427923","13.884438707312","42.25006046729585","11.185538812886168","-7.438859768026753","-11.736071555488891","0","-0.08643791082994197","-22.65705640581211","18.75989796079629","false","true","132.15133395785276","0","100","100","100","-100","0","100","100","0","0","25.531733686533354","0","0","0","false","0","-1","0","0","0","false","100","167","-11","-56","167","-11","-56","1399.1583881643091","98.24116691676056","185.59309148788452","1","肩關節未抬舉","false","0","true","true","false","肘屈曲","elbow","sine","pid"
"8.085100000001491","817.7803544998169","2026-09-07T16:33:58.787Z","48.464505845195674","28.959393358084426","19.505112487111248","48.464505845195674","48.464505845195674","-10.840413347315543","-10.840413347315543","31.707252287754756","28.959393358084426","31.707252287754756","10.50583116702131","9.363951263473982","13.461135911798934","45.16838819955369","8.55382201740844","-20.133230910545375","-102.6734828390475","0","-0.07503895743197579","-29.51143853891199","18.671025191596446","false","true","105.50513525583534","0","100","100","100","-100","0","100","100","0","0","28.959393358084426","0","0","0","false","0","-1","0","0","0","false","100","156","-5","-79","156","-5","-79","1426.9954426553522","94.84772060134196","183.50188207626343","1","肩關節未抬舉","false","0","true","true","false","肘屈曲","elbow","sine","pid"
"8.13530000000447","817.8321332931519","2026-09-07T16:33:58.838Z","47.85394459012004","29.89478657782204","17.959158012297998","47.85394459012004","47.85394459012004","-12.734714141387641","-12.734714141387641","32.636155827419955","29.89478657782204","32.636155827419955","10.208696989525247","8.470838459352091","13.308182166876179","45.944337994296134","7.992993308649167","-15.40511363683129","-5.403950682212042","0","-0.07206741471766956","-30.954219483202124","18.219505341814482","false","true","96.91590975329837","0","100","100","100","-100","0","100","100","0","0","29.89478657782204","0","0","0","false","0","-1","0","0","0","false","100","156","-5","-20","156","-5","-20","1434.2444737222468","94.37700429829685","182.79756355285645","1","肩關節下放中","true","7.851413169182169","false","true","false","肘屈曲＋肩關節下放中","elbow","sine","pid"
"8.33490000000596","818.0343539714813","2026-09-07T16:33:59.037Z","44.57240365953715","33.48659703927302","11.08580662026413","44.57240365953715","44.57240365953715","-19.54549447516913","-19.54549447516913","35.88526611129525","33.48659703927302","35.88526611129525","9.429366776895272","9.345404313586053","12.497220903393071","48.38248701468832","4.253946596738498","-28.889256042341916","-211.12912796351517","0","-0.0613122915748596","-36.91449311909179","17.368998643922662","false","true","58.755189917422264","0","100","100","100","0","0","100","100","0","0","33.48659703927302","0","0","0","false","0","-1","0","0","0","false","100","156","-5","-2","156","-5","-2","1462.5553686883723","92.53863449530168","179.09638953208923","1","肩關節未抬舉","false","0","true","true","false","靜止","elbow","sine","pid"
"8.55210000000149","818.2316889762878","2026-09-07T16:33:59.254Z","40.15609351214016","36.925686704781064","3.2304068073590955","40.15609351214016","40.15609351214016","-24.98442346509921","-24.98442346509921","39.52576299761519","36.925686704781064","39.52576299761519","8.99462771462145","8.26800748844811","11.921193263053567","51.446956260668756","7.731723607629576","17.73629739728294","36.768544027756136","0","1.0528320795407056","-42.883737065494486","17.899313600395278","false","false","0","0","100","100","100","0","0","100","100","0","0","36.925686704781064","0","0","0","false","0","-1","0","0","0","false","100","100","-55","0","100","-55","0","1490.1822693612849","90.7446799061515","177.07042384147644","1","肩關節未抬舉","false","0","true","true","false","肘屈曲","elbow","sine","pid"
"8.71140000000596","818.4042532444","2026-09-07T16:33:59.414Z","35.52342818500382","40.31198161934075","-4.788553434336926","35.52342818500382","35.52342818500382","-28.497067029319208","-28.497067029319208","43.58170750021762","40.31198161934075","43.58170750021762","9.713499657355808","19.184418633957716","10.109779813817013","53.69148731403463","14.447434054842542","87.44701600963177","899.8194007089544","-4.788553434336926","0.6549225561252789","-50.11247892990609","21.61541190058688","true","false","-29.3241449479637","-29.3241449479637","100","100","100","100","-29.3241449479637","-129.3241449479637","-129.3241449479637","0","0","40.31198161934075","0","0","0","false","0","-1","0","0","0","false","-129.3241449479637","79","37","-10","79","37","-10","1513.8465864923273","88.27649491483513","176.67660808563232","1","肩關節抬舉中","false","0","true","true","false","肘屈曲＋肩關節抬舉中(X軸主導抬舉（尚未驗證）)","elbow","sine","pid"
"8.74430000000447","818.4290387630463","2026-09-07T16:33:59.447Z","34.812123825002324","40.863911583052094","-6.05178775804977","34.812123825002324","34.812123825002324","-28.895063132946422","-28.895063132946422","44.089549671920864","40.863911583052094","44.089549671920864","10.175891402736173","13.222462733699114","10.063930628697335","54.1534803006182","13.944960857409058","55.131055047847134","238.72629699949874","-6.05178775804977","0.504925857805048","-50.80582258892778","21.91075945598136","true","false","-36.31803424887525","-36.31803424887525","100","100","100","100","-36.31803424887525","-136.31803424887525","-136.31803424887525","0","0","40.863911583052094","0","0","0","false","0","-1","0","0","0","false","-136.31803424887525","66","44","-5","66","44","-5","1516.9447763231074","88.52435010129753","176.1065411567688","1","肩關節抬舉中","false","0","true","true","false","肘屈曲＋肩關節抬舉中(Z軸主導抬舉（尚未驗證）)","elbow","sine","pid"
"8.91370000000298","818.602112531662","2026-09-07T16:33:59.616Z","29.619324839445287","44.32575617573936","-14.70643133629407","29.619324839445287","29.619324839445287","-30.874982839490535","-30.874982839490535","46.481268816045045","44.32575617573936","46.481268816045045","6.930928068368286","3.802217412518166","8.707399301723228","55.18866811776827","-3.171479514763743","-99.4487621900524","-609.088472304067","-14.70643133629407","0.10698403838103057","-47.812184862876265","16.937202023385733","true","true","-83.75089392023852","-55","100","100","100","-100","-55","-155","-155","0","0","44.32575617573936","0","0","0","false","0","-1","0","0","0","false","-155","-33","149","-5","-33","149","-5","1531.1619742181574","95.39807098562065","174.50025987625122","1","肩關節下放中","true","4.13270977799069","false","true","false","靜止＋肩關節下放中","elbow","sine","pid"
"9.21770000000298","818.8481960296631","2026-09-07T16:33:59.920Z","21.92290367671764","46.3751727342584","-24.452269057540757","21.92290367671764","21.92290367671764","-31.17704844637332","-31.17704844637332","46.58626201066288","46.3751727342584","46.58626201066288","4.3808648246542505","3.223904094526589","7.48087899384916","54.06714100451204","-15.630231784950013","-57.14414631265541","73.68715237511556","-24.452269057540757","0.10698403838103057","-34.59636610648815","3.4193176601148267","true","true","-136.56005226171203","-55","-100","-100","-100","-100","-55","-155","-155","0","0","46.3751727342584","0","0","0","false","0","-1","0","0","0","false","-155","-84","205","-90","-84","205","-90","1526.8355355792587","123.43337076360527","173.61440658569336","1","肩關節未抬舉","false","0","true","true","false","靜止","elbow","sine","pid"
"9.3425","819.0461072921753","2026-09-07T16:34:00.045Z","15.91070101675792","45.693745769255585","-29.783044752497666","15.91070101675792","15.91070101675792","-29.266012695791442","-29.266012695791442","44.5746093461665","45.693745769255585","44.5746093461665","4.142797630112328","5.585471243170744","7.009549721339852","51.58415906750635","-21.408749138315507","-41.00689690008817","-168.0573450219481","-29.783044752497666","0.10698403838103057","-23.48254355927625","-5.783469136515189","true","true","-165.2124892311423","-55","-100","-100","-100","100","-55","-155","-155","0","0","45.693745769255585","0","0","0","false","0","-1","0","0","0","false","-155","-84","205","-5","-84","205","-5","1510.1230289671169","163.0176593607122","167.0444257259369","1","肩關節未抬舉","false","0","true","true","false","靜止","elbow","sine","pid"
"9.39090000000596","819.0954029560089","2026-09-07T16:34:00.093Z","14.486370076789283","45.197355273435214","-30.71098519664593","14.486370076789283","14.486370076789283","-28.50277760776209","-28.50277760776209","43.615157038712795","45.197355273435214","43.615157038712795","4.401116172549021","5.562309423106749","6.7446055901750555","50.35976262888785","-25.21630014544182","-58.27331080527786","-238.0646029139402","-30.71098519664593","0.10698403838103057","-19.543471656105087","-8.959305951657004","true","true","-170.0798173597675","-55","-100","-100","-100","100","-55","-155","-155","0","0","45.197355273435214","0","0","0","false","0","-1","0","0","0","false","-155","-84","205","-1","-84","205","-1","1505.960284021167","173.12327044660393","166.5021734237671","1","肩關節未抬舉","false","0","true","true","false","肘伸展","elbow","sine","pid"
"9.554","819.2437176704407","2026-09-07T16:34:00.256Z","10.465496756050147","42.514079370995475","-32.04858261494533","10.465496756050147","10.465496756050147","-25.561005326595712","-25.561005326595712","39.46192078754119","42.514079370995475","39.46192078754119","4.460760962802355","6.002952333217179","6.553948941064846","46.015869728606035","-32.50614191028902","-28.32099912077682","351.3240713355425","-32.04858261494533","0.10698403838103057","-5.848777906006056","-19.712227420589656","true","true","-176.61492153540826","-55","-100","-100","-100","100","-55","-155","-155","0","0","42.514079370995475","0","0","0","false","0","-1","0","0","0","false","-155","-84","205","-2","-84","205","-2","1492.888791508146","203.0353619402105","165.3716332912445","1","肩關節未抬舉","false","0","true","true","false","肘伸展","elbow","sine","pid"
"9.698400000005961","819.3916530609131","2026-09-07T16:34:00.401Z","6.956290148024767","39.25191090943533","-32.29562076141056","6.956290148024767","6.956290148024767","-21.744706781141698","-21.744706781141698","36.107187722961314","39.25191090943533","36.107187722961314","4.917513514708307","7.114822433430954","6.4379348558303775","42.54512257879169","-25.446404649119692","46.58605783983175","422.6236201303117","-32.29562076141056","0.10698403838103057","0.19284792324241806","-21.937554704384116","true","true","-177.61113379121213","-55","-100","-100","-100","100","-55","-155","-155","0","0","39.25191090943533","0","0","0","false","0","-1","0","0","0","false","-155","-84","205","-1","-84","205","-1","1480.3964696460312","233.36211698705497","163.94351625442505","1","肩關節未抬舉","false","0","true","true","false","肘伸展","elbow","sine","pid"
"9.91310000000149","819.6137716770172","2026-09-07T16:34:00.615Z","2.8871932441501613","33.69924394431888","-30.81205070016872","2.8871932441501613","2.8871932441501613","-14.656061527529516","-14.656061527529516","29.757818284902683","33.69924394431888","29.757818284902683","6.54426178120639","8.325474291265879","6.624834423094995","36.38265270799768","-26.185142807745272","13.40874488528221","75.73509160595941","-30.81205070016872","0.10698403838103057","12.05797824767329","-26.714039775202806","true","true","-168.7395906349161","-55","-100","-100","-100","100","-55","-155","-155","0","0","33.69924394431888","0","0","0","false","0","-1","0","0","0","false","-155","-196","105","80","-196","105","80","1451.630774550969","269.8883225267583","166.53787326812744","1","肩關節未抬舉","false","0","true","true","false","肘伸展","elbow","sine","pid"
"9.96910000000149","819.6633474826813","2026-09-07T16:34:00.671Z","2.2039746623908307","32.26108854667582","-30.05711388428499","2.2039746623908307","2.2039746623908307","-12.89760446253164","-12.89760446253164","27.9930909093452","32.26108854667582","27.9930909093452","6.606107629122428","6.619428053097324","6.730188005504758","34.723278914849956","-27.713145257202868","-7.541334236075599","-148.81310348995592","-30.05711388428499","0.10698403838103057","15.495884059561854","-28.393488522093495","true","true","-164.38116379884232","-55","-100","-100","-100","0","-55","-155","-155","0","0","32.26108854667582","0","0","0","false","0","-1","0","0","0","false","-155","-196","105","16","-196","105","16","1442.0731999609218","275.2173067873174","167.90261840820312","1","肩關節未抬舉","false","0","true","true","false","肘伸展","elbow","sine","pid"
"10.09040000000596","819.7872836589813","2026-09-07T16:34:00.793Z","0.8878588569659094","28.498223423965573","-27.610364566999664","0.8878588569659094","0.8878588569659094","-8.298054139108933","-8.298054139108933","24.0035752244616","28.498223423965573","24.0035752244616","7.598020289985338","7.5493267399742825","7.049291219151073","31.052866443612672","-26.285443391950984","-1.0006036550085913","-123.26831590578436","-27.610364566999664","0.10698403838103057","22.34980647035566","-30.64786060946459","true","true","-150.51280720912536","-55","-100","-100","-100","0","-55","-155","-155","0","0","28.498223423965573","0","0","0","false","0","-1","0","0","0","false","-155","-196","105","42","-196","105","42","1417.8367921511344","288.2306052988225","171.13038659095764","1","肩關節未抬舉","false","0","true","true","false","肘伸展","elbow","sine","pid"
"10.24030000000447","819.9350237846375","2026-09-07T16:34:00.943Z","0.08329084443358781","23.788408186772227","-23.70511734233864","0.08329084443358781","0.08329084443358781","-2.5623088086803856","-2.5623088086803856","19.323737058364046","23.788408186772227","19.323737058364046","8.381167366287665","9.226357351578852","7.378468795007819","26.702205853371865","-23.455817666234978","30.208964082461893","279.0388730247291","-23.70511734233864","0.10698403838103057","28.985574152813843","-31.547882961494228","true","true","-128.63580141254224","-55","-100","-100","-100","100","-55","-155","-155","0","0","23.788408186772227","0","0","0","false","0","-1","0","0","0","false","-155","-196","105","63","-196","105","63","1388.9453898006025","303.74331849271596","177.45841240882874","1","肩關節未抬舉","false","0","true","true","false","肘伸展","elbow","sine","pid"
"10.4065","820.0831017494202","2026-09-07T16:34:01.109Z","0.13619317983329182","19.22792814253059","-19.0917349626973","0.13619317983329182","0.13619317983329182","3.2747659015009636","3.2747659015009636","15.039759088287639","19.22792814253059","15.039759088287639","8.608202999248554","9.91424577397172","7.649289826922555","22.689048915210194","-18.587525288772206","50.52904148543659","344.4594299098882","0","0.10274747046114176","33.38642988000681","-30.11166397850584","false","true","-102.99821117130634","0","-100","-100","-100","100","0","-100","-100","0","0","19.22792814253059","0","0","0","false","0","-1","0","0","0","false","-100","-156","61","51","-156","61","51","1359.9879211319828","319.291504794901","181.65219736099243","1","肩關節未抬舉","false","0","true","true","false","肘伸展","elbow","sine","pid"
"10.60560000000149","820.2818675041199","2026-09-07T16:34:01.308Z","1.5519381482375678","14.290591028809972","-12.738652880572404","1.5519381482375678","1.5519381482375678","10.89645607056131","10.89645607056131","11.240335937309325","14.290591028809972","11.240335937309325","8.06733242736943","6.931603610414726","7.430789444946072","18.671125382255397","-13.733616029140297","19.53858689335628","-199.06169154381732","0","0.08741374853215368","33.3923900782608","-22.495934007699493","false","true","-68.05637150737506","0","-100","-100","-100","-100","0","-100","-100","0","0","14.290591028809972","0","0","0","false","0","-1","0","0","0","false","-100","-90","100","0","-90","100","0","1328.538867049748","332.40017312223256","184.51559042930603","1","肩關節未抬舉","false","0","true","true","false","肘伸展","elbow","sine","pid"
"10.614400000005961","820.3079235553741","2026-09-07T16:34:01.317Z","1.8483742949530573","13.780200367973732","-11.931826073020675","1.8483742949530573","1.8483742949530573","11.855238662553882","11.855238662553882","10.797329960420896","13.780200367973732","10.797329960420896","7.9698864282196915","7.327841689548115","7.370975607191696","18.16830556761259","-14.119942140310226","9.22899096923345","-258.04416248505345","0","0.08566547356151061","32.99958712353982","-21.14434846098594","false","true","-63.64244576174536","0","-100","-100","-100","0","0","-100","-100","0","0","13.780200367973732","0","0","0","false","0","-1","0","0","0","false","-100","-90","100","0","-90","100","0","1324.7462640338483","333.7029756849462","184.5416464805603","1","肩關節未抬舉","false","0","true","true","false","肘伸展","elbow","sine","pid"
"10.7835","820.4811251163483","2026-09-07T16:34:01.486Z","4.431756643772516","10.477510216580729","-6.045753572808213","4.431756643772516","4.431756643772516","17.857841324197164","17.857841324197164","7.880984432875408","10.477510216580729","7.880984432875408","7.499668634183898","7.153826975102685","7.007905722629005","14.888890155504413","-16.149251761815684","-18.093873215978167","-265.1709406253357","0","-1.0485713015241436","36.186038102753216","-18.32819677855605","false","false","-31.112581485755207","0","-100","-100","-100","0","0","-100","-100","0","0","10.477510216580729","0","0","0","false","0","-1","0","0","0","false","-100","-90","100","0","-90","100","0","1307.6249662505265","349.6432902162725","184.36908316612244","1","肩關節未抬舉","false","0","true","true","false","肘伸展","elbow","sine","pid"
"11.002400000005961","820.6540620326996","2026-09-07T16:34:01.705Z","7.979570427889293","7.268319065753738","0.7112513621355543","7.979570427889293","7.979570427889293","23.010701783269386","23.010701783269386","4.959625535506277","7.268319065753738","4.959625535506277","6.957260589737153","7.254736527992836","6.66230667142618","11.621932206932456","-12.870116353498641","31.1802565031365","209.43019302764927","0","-1.003696910547807","39.94718849318635","-16.936486709916966","false","false","0","0","-100","-100","-100","0","0","-100","-100","0","0","7.268319065753738","0","0","0","false","0","-1","0","0","0","false","-100","-90","100","0","-90","100","0","1296.5872920354218","371.01096528226674","184.14663910865784","1","肩關節未抬舉","false","0","true","true","false","靜止","elbow","sine","pid"
"11.18620000000298","820.8776559829712","2026-09-07T16:34:01.889Z","13.724646316632438","4.211681738139756","9.512964578492682","13.724646316632438","13.724646316632438","28.039242231796592","28.039242231796592","2.7957009284933463","4.211681738139756","2.7957009284933463","5.444675518768335","2.612661717677774","5.681150655775369","8.476851584268715","-8.125344824879434","38.31802662530727","183.30441693100124","9.512964578492682","0.21850607834976507","39.328225776535625","-11.28898354473903","true","false","54.68755391065238","54.68755391065238","0","0","0","-100","54.68755391065238","154.68755391065238","154.68755391065238","0","0","4.211681738139756","0","0","0","false","0","-1","0","0","0","false","154.68755391065238","-56","-50","10","-56","-50","10","1290.578223546347","398.9691116159612","184.32221126556396","1","肩關節下放中","true","0.8949391100034101","false","true","false","靜止＋肩關節下放中","elbow","sine","pid"
"11.25360000000149","820.9518694877625","2026-09-07T16:34:01.956Z","15.851518873430823","3.5096488886884143","12.34186998474241","15.851518873430823","15.851518873430823","29.236878363830364","29.236878363830364","2.19507772409753","3.5096488886884143","2.19507772409753","4.659515644758175","2.881575950935806","5.412569176152843","7.607646900250373","-7.8013919681669215","18.554441019007385","-59.62418696907713","12.34186998474241","0.21850607834976507","38.93247126382745","-9.695592899997088","true","true","70.2227883742634","55","-100","-100","-100","-100","55","155","155","0","0","3.5096488886884143","0","0","0","false","0","-1","0","0","0","false","155","43","-104","1","43","-104","1","1287.6387460496703","404.04178636724293","185.1883192062378","1","肩關節未抬舉","false","0","true","true","false","靜止","elbow","sine","pid"
"11.381600000001491","821.0752747058868","2026-09-07T16:34:02.084Z","19.554841588105276","2.6604870777808114","16.894354510324465","19.554841588105276","19.554841588105276","30.661693224739967","30.661693224739967","1.740196948357621","2.6604870777808114","1.740196948357621","3.9998280415831315","3.038439391410854","5.013070357623448","6.753267305981069","-7.664981428876459","-4.717301170729429","-234.77276915014835","16.894354510324465","0.21850607834976507","37.36757120958261","-6.705877984842643","true","true","95.16755926171001","55","-100","-100","-100","-100","55","155","155","0","0","2.6604870777808114","0","0","0","false","0","-1","0","0","0","false","155","210","-35","-49","210","-35","-49","1285.5411509142996","405.5897256027568","185.28701829910278","1","肩關節未抬舉","false","0","true","true","false","靜止","elbow","sine","pid"
"11.53310000000149","821.2231006622314","2026-09-07T16:34:02.235Z","24.155093303867616","1.8663151747994675","22.28877812906815","24.155093303867616","24.155093303867616","31.397979967091036","31.397979967091036","1.3368403193336604","1.8663151747994675","1.3368403193336604","3.665895619396436","3.6116786040943327","4.726338646646354","6.063178965980015","-3.518504257351916","39.022509442687806","301.14579948820193","22.28877812906815","0.21850607834976507","35.85147936907547","-4.453499401984436","true","true","124.74592365436985","55","0","0","0","0","55","155","155","0","0","1.8663151747994675","0","0","0","false","0","-1","0","0","0","false","155","211","-35","-3","211","-35","-3","1293.3056465254904","397.0776773149317","182.77377319335938","1","肩關節未抬舉","false","0","true","true","false","靜止","elbow","sine","pid"
"11.70520000000298","821.3958475589752","2026-09-07T16:34:02.407Z","29.55632756471479","2.41551558680694","27.14081197790785","29.55632756471479","29.55632756471479","30.889761592621625","30.889761592621625","3.4789429187588468","2.41551558680694","3.4789429187588468","3.438640741689065","3.313261982610465","4.207462701467634","7.6864056202264806","7.724624041662414","41.38339757863941","-246.5348002613696","27.14081197790785","0.21850607834976507","24.93069927066292","5.959062321958706","true","true","150.77686301708346","55","100","100","100","0","55","155","155","0","0","2.41551558680694","0","0","0","false","0","-1","0","0","0","false","155","211","-35","-10","211","-35","-10","1315.266213761437","383.84025081721217","182.13113808631897","1","肩關節未抬舉","false","0","true","true","false","靜止","elbow","sine","pid"
"11.896200000002981","821.5932922363281","2026-09-07T16:34:02.598Z","35.45343163700303","4.067658062611421","31.385773574391607","35.45343163700303","35.45343163700303","28.53772044110617","28.53772044110617","5.270229062181599","4.067658062611421","5.270229062181599","3.652407215690357","3.1549895291078354","3.9814572597011875","9.251686321882787","7.205530018811096","3.389603528660021","-23.573185106360484","31.385773574391607","0.21850607834976507","20.20384324650744","8.333877194598733","true","true","173.8405404362948","55","100","100","100","0","55","155","155","0","0","4.067658062611421","0","0","0","false","0","-1","0","0","0","false","155","211","-35","-35","211","-35","-35","1350.5576041804434","369.0319883389907","180.94485354423523","1","肩關節未抬舉","false","0","true","true","false","靜止","elbow","sine","pid"
"12.08840000000596","821.7909603118896","2026-09-07T16:34:02.791Z","40.715758097912776","6.571201015139996","34.14455708277278","40.715758097912776","40.715758097912776","24.432299895395307","24.432299895395307","8.972176880954422","6.571201015139996","8.972176880954422","3.0767110705886522","3.071003898850292","3.504986179301241","12.477163060255663","16.135020413451894","28.476660685892565","-118.79722876176795","34.14455708277278","0.21850607834976507","9.085269232838323","15.347030662556984","true","true","188.34673529157106","55","100","100","100","0","55","155","155","0","0","6.571201015139996","0","0","0","false","0","-1","0","0","0","false","155","211","-35","-2","211","-35","-2","1388.1145385371328","356.4531108032574","174.66989660263062","1","肩關節未抬舉","false","0","true","true","false","肘屈曲","elbow","sine","pid"
"12.26780000000447","821.9635195732117","2026-09-07T16:34:02.970Z","44.530771209627886","9.752071886183808","34.77869932344408","44.530771209627886","44.530771209627886","19.611148033657567","19.611148033657567","12.635829487482212","9.752071886183808","12.635829487482212","3.043639191606325","3.082970660910902","3.066938360614202","15.702767848096414","15.879822026779802","15.838239392541844","177.90882602635017","34.77869932344408","0.21850607834976507","0.3939197778421395","19.217228255815428","true","true","191.31303664796346","55","100","100","100","0","55","155","155","0","0","9.752071886183808","0","0","0","false","0","-1","0","0","0","false","155","211","-35","-10","211","-35","-10","1418.1877819167257","340.53931004350835","174.07742738723755","1","肩關節未抬舉","false","0","true","true","false","肘屈曲","elbow","sine","pid"
"12.43420000000298","822.1360867023468","2026-09-07T16:34:03.136Z","47.43112067404596","13.640389498635605","33.79073117541035","47.43112067404596","47.43112067404596","13.871180045512443","13.871180045512443","17.097817338084198","13.640389498635605","17.097817338084198","2.622157889172","2.6617767760400626","2.3923157482121837","19.49013308629638","14.560118874345363","-9.51869651656288","-113.12880765585","33.79073117541035","0.21850607834976507","-9.527892736860014","23.399072782372457","true","true","185.28390308289582","55","100","100","100","0","55","155","155","0","0","13.640389498635605","0","0","0","false","0","-1","0","0","0","false","155","211","-35","-13","211","-35","-13","1450.4825917349935","328.66150233962315","171.17017579078674","1","肩關節未抬舉","false","0","true","true","false","肘屈曲","elbow","sine","pid"
"12.58490000000596","822.2835364341736","2026-09-07T16:34:03.287Z","49.080779255772526","17.30503035456774","31.775748901204786","49.080779255772526","49.080779255772526","8.44064231984958","8.44064231984958","21.0030108763153","17.30503035456774","21.0030108763153","2.125353680704357","1.3431145913979756","1.648359144840228","22.65137002115553","12.49043713310732","-9.243633559165028","48.43271660132426","31.775748901204786","0.21850607834976507","-16.91869000073251","25.35933232058209","true","true","173.7580527389329","55","100","100","100","0","55","155","155","0","0","17.30503035456774","0","0","0","false","0","-1","0","0","0","false","155","211","-35","-7","211","-35","-7","1478.4980407820822","319.27833758700973","168.09716510772705","1","肩關節未抬舉","false","0","true","true","false","肘屈曲","elbow","sine","pid"
"12.65280000000447","822.3576855659485","2026-09-07T16:34:03.355Z","49.601278335798554","19.2466791261941","30.354599209604455","49.601278335798554","49.601278335798554","5.588448014867781","5.588448014867781","23.124639023408633","19.2466791261941","23.124639023408633","2.0929415425327127","3.1690876865426536","1.276571107216924","24.401210130625557","11.214699106017953","-14.692044180728164","-31.213254191745374","30.354599209604455","0.21850607834976507","-20.62509513993495","26.21354315480273","true","true","165.7193451267789","55","100","100","100","100","55","155","155","0","0","19.2466791261941","0","0","0","false","0","-1","0","0","0","false","155","211","-35","-1","211","-35","-1","1492.5863758193136","314.5597564740614","166.6643364429474","1","肩關節未抬舉","false","0","true","true","false","肘屈曲","elbow","sine","pid"
"12.82810000000149","822.5063507556915","2026-09-07T16:34:03.530Z","49.99920388052449","23.25133436813286","26.74786951239163","49.99920388052449","49.99920388052449","-0.2507151239377913","-0.2507151239377913","27.249703604306774","23.25133436813286","27.249703604306774","2.218521540281614","2.5571544910377404","0.4381396296739837","27.687843233980757","10.45983011759253","-5.015127940181891","52.18309551409923","26.74786951239163","0.21850607834976507","-27.611165990579348","27.360450866641557","true","true","145.4631675410697","55","100","100","100","0","55","155","155","0","0","23.25133436813286","0","0","0","false","0","-1","0","0","0","false","155","211","-35","-3","211","-35","-3","1520.8327618704916","305.09924439950413","164.33594465255737","1","肩關節未抬舉","false","0","true","true","false","肘屈曲","elbow","sine","pid"
"12.99460000000149","822.681697845459","2026-09-07T16:34:03.697Z","49.35115391123905","28.25055344202232","21.100600469216733","49.35115391123905","49.35115391123905","-7.110978496988563","-7.110978496988563","32.71204959409579","28.25055344202232","32.71204959409579","3.639464285039504","5.015650267645019","-0.8439642952506716","31.868085298845116","9.315520832368504","-10.394845850556422","-40.65517514652887","0","0.1935619446786116","-36.907174708461184","29.796196211472623","false","true","113.84479746383779","0","100","100","100","100","0","100","100","0","0","28.25055344202232","0","0","0","false","0","-1","0","0","0","false","100","44","-105","66","44","-105","66","1551.6500047312857","293.47436629642124","164.02763772010803","1","肩關節未抬舉","false","0","true","true","false","肘屈曲","elbow","sine","pid"
"13.22540000000596","822.903436422348","2026-09-07T16:34:03.928Z","46.855453543707426","35.226416121274816","11.62903742243261","46.855453543707426","46.855453543707426","-15.253480270308001","-15.253480270308001","39.66459158488368","35.226416121274816","39.66459158488368","4.204391033531906","4.246300307853504","-1.9600640181443936","37.70452756673929","5.017054389491874","-21.64985655579479","-51.32553010195585","0","0.16138183820935229","-46.3999857348239","31.1465054645159","false","true","61.18064693964327","0","100","100","100","0","0","100","100","0","0","35.226416121274816","0","0","0","false","0","-1","0","0","0","false","100","44","-105","27","44","-105","27","1570.3877285586477","255.638889681209","168.06760597229004","1","肩關節未抬舉","false","0","true","true","false","肘屈曲","elbow","sine","pid"
"13.4055","823.1091899871826","2026-09-07T16:34:04.108Z","43.02536789617335","41.04096883678416","1.9843990593891903","43.02536789617335","43.02536789617335","-21.768715952026028","-21.768715952026028","45.21109361126483","41.04096883678416","45.21109361126483","4.796347410509981","4.725435646326896","-2.6585675782842912","42.55252603298054","3.5520630522285996","-2.6498046489815428","106.00786498860788","0","1.1227496676951034","-49.8779572881859","28.109241336159865","false","false","0","0","100","100","100","0","0","100","100","0","0","41.04096883678416","0","0","0","false","0","-1","0","0","0","false","100","44","-105","27","44","-105","27","1578.6178711520315","216.35866366733183","171.4428186416626","1","肩關節未抬舉","false","0","true","true","false","肘屈曲","elbow","sine","pid"
"13.58590000000596","823.2620165348053","2026-09-07T16:34:04.288Z","39.38755512009532","45.17631263799","-5.78875751789468","39.38755512009532","39.38755512009532","-25.69195187138633","-25.69195187138633","49.06564753487916","45.17631263799","49.06564753487916","4.869702541309381","4.526944948012552","-3.046952372672095","46.01869516220707","2.6701175034621","-6.14768552582469","-1.7602584906383996","-5.78875751789468","0.6952672820023564","-52.36273219970134","26.670780328315008","true","false","-34.95907226194275","-34.95907226194275","100","100","100","0","-34.95907226194275","-134.95907226194277","-134.95907226194277","0","0","45.17631263799","0","0","0","false","0","-1","0","0","0","false","-134.95907226194277","22","-12","0","22","-12","0","1584.8322638140799","187.6432807445524","172.99988079071045","1","肩關節未抬舉","false","0","true","true","false","肘屈曲","elbow","sine","pid"
"13.75360000000149","823.4445970058441","2026-09-07T16:34:04.456Z","34.3607208030234","49.42989130010684","-15.06917049708344","34.3607208030234","34.3607208030234","-29.13059553657932","-29.13059553657932","52.5861888218154","49.42989130010684","52.5861888218154","5.011605612115465","5.726708657149785","-3.416922029557","49.1692667922584","0.3084781761130666","-22.47256541565679","-170.1157072312635","-15.06917049708344","0.2654653947830896","-51.35686234163482","22.226266805055502","true","true","-85.95388551261352","-55","100","100","100","0","-55","-155","-155","0","0","49.42989130010684","0","0","0","false","0","-1","0","0","0","false","-155","-46","51","0","-46","51","0","1587.4452274905325","170.04589369080261","172.99988079071045","1","肩關節未抬舉","false","0","true","true","false","肘屈曲","elbow","sine","pid"
"13.88320000000298","823.5719573497772","2026-09-07T16:34:04.585Z","30.54682655927618","51.68994460214","-21.143118042863822","30.54682655927618","30.54682655927618","-30.632902103281154","-30.632902103281154","54.01658048824173","51.68994460214","54.01658048824173","5.042043865737685","5.1004520018841735","-3.7220372993651836","50.294543188876546","-4.1996892941853385","-29.74764268441217","-28.443988892071395","-21.143118042863822","0.2654653947830896","-47.52936677220464","16.89646466892349","true","true","-119.13094728023981","-55","100","100","100","0","-55","-155","-155","0","0","51.68994460214","0","0","0","false","0","-1","0","0","0","false","-155","-138","153","0","-138","153","0","1583.9073699580313","173.2299654700537","172.99988079071045","1","肩關節未抬舉","false","0","true","true","false","靜止","elbow","sine","pid"
"13.94210000000149","823.6229274272919","2026-09-07T16:34:04.644Z","28.975158446821126","52.37085726758974","-23.395698820768615","28.975158446821126","28.975158446821126","-31.01623935972621","-31.01623935972621","54.240640452812116","52.37085726758974","54.240640452812116","5.093137808001869","5.127845384205775","-3.837943362803429","50.40269709000869","-6.541265401970714","-39.20091892085395","-122.13062228170014","-23.395698820768615","0.2654653947830896","-45.237908764328225","14.221669404602016","true","true","-131.38265407824355","-55","100","100","100","0","-55","-155","-155","0","0","52.37085726758974","0","0","0","false","0","-1","0","0","0","false","-155","-140","155","0","-140","155","0","1580.0841770437044","176.670839092948","172.99988079071045","1","肩關節未抬舉","false","0","true","true","false","靜止","elbow","sine","pid"
"14.14","823.8279941082001","2026-09-07T16:34:04.842Z","22.553663811235804","53.40787051626646","-30.85420670503066","22.553663811235804","22.553663811235804","-31.26515633373174","-31.26515633373174","53.235246572893544","53.40787051626646","53.235246572893544","5.1891727522565185","5.306206492642093","-4.078355108938311","49.15689146395523","-15.869816056585961","-45.26229485593261","-57.93413748954987","-30.85420670503066","0.2654653947830896","-32.34646276093981","1.0813064272080692","true","true","-171.6309606814815","-55","-100","-100","-100","0","-55","-155","-155","0","0","53.40787051626646","0","0","0","false","0","-1","0","0","0","false","-155","-140","155","0","-140","155","0","1553.8907558918015","202.68134882233338","172.99988079071045","1","肩關節未抬舉","false","0","true","true","false","靜止","elbow","sine","pid"
"14.335100000001491","824.0089008808136","2026-09-07T16:34:05.037Z","17.009120557855688","51.929302697839574","-34.920182139983886","17.009120557855688","17.009120557855688","-29.767868607018602","-29.767868607018602","49.99237843694493","51.929302697839574","49.99237843694493","5.049397802302899","5.499188952455617","-4.189823004304245","45.80255543264069","-19.030244113202492","-15.123756721568643","141.23311171453207","-34.920182139983886","0.2654653947830896","-18.666148801114332","-11.10171980590427","true","true","-193.17300673613474","-55","-100","-100","-100","0","-55","-155","-155","0","0","51.929302697839574","0","0","0","false","0","-1","0","0","0","false","-155","-84","205","-5","-84","205","-5","1531.7331297397632","233.5742883898993","170.51153469085693","1","肩關節未抬舉","false","0","true","true","false","肘伸展","elbow","sine","pid"
"14.52560000000149","824.2146642208099","2026-09-07T16:34:05.228Z","11.21765300030966","48.09871451952608","-36.881061519216416","11.21765300030966","11.21765300030966","-26.210657097489822","-26.210657097489822","44.88559613615328","48.09871451952608","44.88559613615328","5.640726169645727","6.099635586833476","-4.273447590823892","40.61214854532939","-19.196092951182667","15.330036348683699","217.203526287184","-36.881061519216416","0.2654653947830896","-5.894504740694824","-20.316152356794998","true","true","-203.19154467828847","-55","-100","-100","-100","0","-55","-155","-155","0","0","48.09871451952608","0","0","0","false","0","-1","0","0","0","false","-155","-196","105","15","-196","105","15","1510.0493284596357","271.87836577675534","170.88918542861938","1","肩關節未抬舉","false","0","true","true","false","肘伸展","elbow","sine","pid"
"14.69190000000596","824.3684186935425","2026-09-07T16:34:05.394Z","7.469133230510138","44.106680237151956","-36.63754700664182","7.469133230510138","7.469133230510138","-22.397373065135532","-22.397373065135532","39.773789318062555","44.106680237151956","39.773789318062555","4.785744920801539","4.715519987480908","-3.7380938574540323","36.03569546060852","-23.948980057908418","-19.31615578378419","-43.88799977753738","-36.63754700664182","0.2654653947830896","5.304937239721237","-27.70231030485677","true","true","-201.18024834030322","-55","-100","-100","-100","0","-55","-155","-155","0","0","44.106680237151956","0","0","0","false","0","-1","0","0","0","false","-155","-140","155","0","-140","155","0","1482.1242615116987","289.9508123614569","172.53580331802368","1","肩關節未抬舉","false","0","true","true","false","肘伸展","elbow","sine","pid"
"14.89830000000447","824.5735106468201","2026-09-07T16:34:05.601Z","3.505304746108685","37.1453562459134","-33.64005149980471","3.505304746108685","3.505304746108685","-16.042588996052306","-16.042588996052306","31.595096040024714","37.1453562459134","31.595096040024714","4.960397647998398","5.673319336388442","-3.0532854352961607","28.541810604728553","-25.199924227973028","0.6474737607895928","28.740174966543634","-33.64005149980471","0.2654653947830896","20.010682986362536","-36.05327198241484","true","true","-183.81167830790068","-55","-100","-100","-100","0","-55","-155","-155","0","0","37.1453562459134","0","0","0","false","0","-1","0","0","0","false","-155","-196","105","1","-196","105","1","1444.7140465047644","313.91245772621824","175.23524045944214","1","肩關節未抬舉","false","0","true","true","false","肘伸展","elbow","sine","pid"